run_id,period,amplitude,cov_00,cov_01,cov_10,cov_11
truth,27.475158018456685,26.47962962962963,0.612958786677912,0.22564261633650484,0.22564261633650484,0.30923261580668987
