run_id,period,amplitude,cov_00,cov_01,cov_10,cov_11
truth,27.915249015787193,22.897857142857138,0.7628561021322771,0.2469009017948283,0.2469009017948283,0.2844323696145124
